Id,ORGANIZATION,NAME,GENDER,SPECIALITY,ADDRESS,CITY,STATE,ZIP,LAT,LON,ENCOUNTERS,PROCEDURES
837e971e-21ae-38df-9e28-bb9f6d7573c8,74ab949d-17ac-3309-83a0-13b4405c66aa,Gabriel934 Reilly981,F,GENERAL PRACTICE,881 Main Street,Fitchburg,MA,01420,42.586487,-71.80521,223,0
82a7066e-58cc-3a70-8845-1c236ea2f326,e09d4c49-c2ef-3b0f-9a46-3719d9219306,Jules135 Emard19,M,GENERAL PRACTICE,60 HOSPITAL RD,LEOMINSTER,MA,014533290,42.54031915,-71.76312990486304,68,0
08036c0f-c356-3333-91c8-c9b8ed2bc428,ef5390b4-cba5-3d83-96db-af783a7adb43,Milan77 Anderson154,M,GENERAL PRACTICE,360 MERRIMACK ST,MALDEN,MA,021482329,42.4250964,-71.066163,2,0
ee8799ad-01f1-3f54-8bba-213b98398edf,6fafb5d4-ecca-37ab-8d24-53036a8cbf1e,José3 Benítez559,M,GENERAL PRACTICE,320 WEST CENTER STREET  2ND FLOOR,WEST BRIDGEWATER,MA,02379,42.016080599999995,-71.02601589317304,11,0
a30111ff-f2bc-3be3-94e8-d22654a89972,5becf220-2978-3f33-bd38-9326947f85de,Thad495 Leannon79,M,GENERAL PRACTICE,240 LYNNFIELD STREET,PEABODY,MA,019605055,42.5141736,-70.97106354209534,5,0
8d639c32-0145-3726-8f52-02731bfd11ba,2936ca90-6594-357d-be14-53fe0ab84dd1,Avis183 Ankunding277,F,GENERAL PRACTICE,11 TREMONT ST,KINGSTON,MA,023641231,42.00823215,-70.72984043580247,22,0
e4f3320e-2ba8-3a3f-a167-cf7a8f917a9e,e3089df2-a1db-372a-b660-30392d8c197b,Isaiah615 Waters156,M,GENERAL PRACTICE,178 N MAIN ST,SHARON,MA,020671229,42.13301625,-71.17263163492832,17,0
113dc5d0-3fd1-3784-bf89-abbd7e7d5fba,ab701a70-a658-340e-8f69-ee196a7d40c6,Elisa944 Villegas15,F,GENERAL PRACTICE,484 RTE 134,WORCESTER,MA,016071728,42.2625621,-71.8018877,63,0
c95a6b87-86e9-37ab-8985-59e3253503ec,11ba6a26-59b4-3728-a268-6dc9929962b4,Archie818 McCullough561,M,GENERAL PRACTICE,200 GOVERNORS AVENUE,MEDFORD,MA,021551644,42.42711615,-71.1121606632448,10,0
8c815e31-dfdd-3a81-9e97-d492acf187dd,71472d9b-aa5c-3b49-a5c3-d0eee8859015,Cuc113 Kutch271,F,GENERAL PRACTICE,118 WATERHOUSE RD STE C,BOURNE,MA,025328305,41.7281115,-70.5861571324252,28,0
85d04d50-2c32-3205-ae29-bd93008ad294,88e28a1c-aad9-36d0-832b-b579ecb95c3d,Cherish740 Toy286,F,GENERAL PRACTICE,14 MANNING AVENUE,LEOMINSTER,MA,014535768,42.5253035,-71.7584413,24,0
ddfde539-2406-3444-bc72-dabb1a445b94,05bcaa3e-aa5d-3b03-ba26-7e4d2e083681,Bok974 Howe413,F,GENERAL PRACTICE,1 LOVE LN,SOUTH DENNIS,MA,026603445,41.699084799999994,-70.13271830347861,1,0
501cd7a7-db67-37dc-be51-96ea6ffeb867,30ff462c-c7a9-3b0e-9e41-a6af0433996e,Mariah942 Hilpert278,F,GENERAL PRACTICE,1188 PARKER ST,SPRINGFIELD,MA,01129,42.1166398,-72.4991848,10,0
312b8ee4-bb17-3ea7-b6ae-b0c3c4dbcdf8,1311c44a-85cb-3aea-a143-e5d7892ced8b,Kathrine376 Reinger292,F,GENERAL PRACTICE,300 KENSINGTON AVE,SPRINGFIELD,MA,011071139,42.091896,-72.559437,106,0
affa135a-6fee-3807-b0b7-f36060eefce4,b4359169-6bc8-3e93-9e0c-19c6bf518e58,Kurt412 Auer97,M,GENERAL PRACTICE,126 MONUMENT ST,HAVERHILL,MA,018322527,42.78715445,-71.10946686154523,2,0
8f8ff203-daa3-39eb-9da1-23768310d3da,5fcff9db-16e4-3e56-aa78-abbc16338097,Margene509 Schamberger479,F,GENERAL PRACTICE,295 VARNUM AVE,WESTFORD,MA,018863513,42.5792583,-71.4378411,13,0
e64117b3-75ca-33b4-8bda-d855f1564e89,4cb90b5f-734d-322f-a2f2-776824e1ce35,Irvin970 Emard19,M,GENERAL PRACTICE,770 CONVERSE STREET,LONGMEADOW,MA,011061719,42.0639853,-72.5521444,1,0
b5d07bfc-677e-37ed-a01e-577b0c947b29,7aaea79a-9ade-3982-a318-0a1613b9db55,Arron144 Koelpin146,M,GENERAL PRACTICE,89 LEWIS BAY RD UNIT 4,HYANNIS,MA,026015240,41.6534847,-70.2823732,8,0
612f3a1d-f269-34ca-ac63-806a944cffdc,0ddb0329-b59d-3187-874c-602c649249c8,Lynn917 Cassin499,F,GENERAL PRACTICE,115 W SILVER ST,WESTFIELD,MA,010853678,42.1178811,-72.75935246865802,50,0
3dded4f1-dbca-34c8-8677-7bc1338e0dd6,1e3ca321-fbbb-3546-b9ea-c3761a20324a,Noe500 Howe413,M,GENERAL PRACTICE,605 Lincoln Street,Worcester,MA,01605,42.297756,-71.766815,219,0
9d3f42a3-39f7-3e5c-a680-035c2a47b341,02c936e2-3aee-38b2-88a4-81f3689b7bb7,Aaron697 Kohler843,M,GENERAL PRACTICE,120 FISHER AVENUE,BOSTON,MA,021203320,42.3276141,-71.1051603,1,0
b8c324a3-b2f8-3b93-b528-9e3d4cd174f6,5f7663da-4b19-3629-b8f2-fb07d75421d9,Savanna736 Johnson679,F,GENERAL PRACTICE,42 ASBURY ST,SOUTH HAMILTON,MA,019821808,42.61322825,-70.87300675048934,66,0
d3dad9f0-f059-3e72-a0ea-688b950b8329,609ec9f1-e806-3427-b912-9e3b2915521d,Cherrie404 Conn188,F,GENERAL PRACTICE,575 BEECH STREET,HOLYOKE,MA,010406604,42.20105435,-72.628169560868,17,0
5d4def4f-903b-3db8-97ae-66ada6509f10,5fa5e611-be3d-3ebb-8f71-124325f6005f,Rachele486 Nikolaus26,F,GENERAL PRACTICE,480 ROUTE 6A,EAST SANDWICH,MA,025371438,41.742172,-70.45251,17,0
6d1775b3-7bbc-381c-ae9d-4f1ef918e1d5,bf556284-7513-3620-a10e-5393183a9a87,Rubén780 Amaya149,M,GENERAL PRACTICE,795 MIDDLE ST,FALL RIVER,MA,027211733,41.6924092,-71.16345107025307,75,0
2ab6aa44-025a-3465-b626-f4d902b43f15,4ffa4412-1493-3beb-b8f0-6614dde953a4,Sulema841 Ryan260,F,GENERAL PRACTICE,363 HIGHLAND AVENUE,WAREHAM,MA,025715011,41.745636,-70.658192,241,0
03cbdd17-b9d2-33d1-9679-4968ba7dd1fc,a14e698d-a9ba-3eae-9c8b-682ec726433d,Brian582 Cummerata161,M,GENERAL PRACTICE,776 WESTERN AVE,LYNN,MA,019052408,42.466763,-70.9494939,24,0
a09df539-69c8-3d86-83ca-15ba2e3955d2,dd9914b0-9491-3330-a890-d34e95e497ea,Taylor21 Haley279,M,GENERAL PRACTICE,1061 PLEASANT ST,NEW BEDFORD,MA,027406728,41.64280275,-70.92865004309593,98,0
0c83b3b4-5fca-323b-a9a2-6d00f34a3b37,7f26da64-69ab-3db4-b285-c48c9836a653,Ester635 Delafuente833,F,GENERAL PRACTICE,500 WENTWORTH AVE,LOWELL,MA,018524937,42.631409,-71.283668,2,0
ada0886f-b131-357b-bebf-9e176a597f5b,4c1a8ea6-b690-3c28-a02e-ebd82190ee65,Hui924 Cronin387,F,GENERAL PRACTICE,885 WASHINGTON ST,BOSTON,MA,021111415,42.3479909,-71.064924,2,0
02a2c3c7-7192-3480-8ee3-188fc9eb63ab,b6eeaaf7-1683-3bcb-b6ee-81ce304636ef,Zachery872 Pagac496,M,GENERAL PRACTICE,170 GOVERNORS AVE,MELROSE,MA,021763225,42.4564323,-71.064182,76,0
837a478a-3364-3299-8221-20992d14c6a0,65eda534-1bdc-3192-8d02-1c3764447790,Shanell37 Hand679,F,GENERAL PRACTICE,1244 BOYLSTON ST,CHESTNUT HILL,MA,024672115,42.3214927,-71.1711481,65,0
f6ea33fb-dbed-315a-b550-9f65466b935e,b03b624d-c939-3688-986d-9555b8009a3b,Bennett146 Hartmann983,M,GENERAL PRACTICE,230 MAPLE ST,HOLYOKE,MA,010405144,42.207406,-72.608419,28,0
048b57f2-0dec-3b01-b1b5-e324d6871635,18061fd5-fda8-3e2d-87f0-0f3c87211bcc,Margarite168 Koepp521,F,GENERAL PRACTICE,1493 CAMBRIDGE ST,SOMERVILLE,MA,021431408,42.3875968,-71.0994968,52,0
0c81732f-26cc-31b9-86f3-04c9dc1e93dd,811cc811-0061-341c-a719-9ba7ef8dc699,Jerome176 Sporer811,M,GENERAL PRACTICE,245 VINEYARD HAVEN-EDGARTOWN ROAD,EDGARTOWN,MA,025396941,41.395500350000006,-70.5300948008162,181,0
15362ad5-3c3f-39c3-babc-15f65a9947c2,7489f6e0-fee6-3fff-90b6-444868eb907c,Rubén780 de Jesús414,M,GENERAL PRACTICE,1 KIDDIE DRIVE  SUITE 106,AVON,MA,023221182,42.130150349999994,-71.05720685110387,9,0
1c9a253d-6d98-3528-a07c-2ffe2cca459f,43e33b67-64ac-3314-99ee-114fb2b56b80,Fidel864 Cummerata161,M,GENERAL PRACTICE,200 HILLSIDE CIRCLE  SUITE 2,WEST SPRINGFIELD,MA,010894681,42.105237,-72.6213712,148,0
c8717512-3398-3991-aae1-8c68c184f6b9,1e11392b-1278-3e70-93cd-f396cbd0c265,Gerry91 Block661,F,GENERAL PRACTICE,115 LINCOLN ST,NATICK,MA,017607700,42.2843753,-71.3441395,27,0
5f89cfa8-86c9-3232-bdfb-86b555c780af,fe30f2b4-9bc8-346e-afba-4455d1766545,Wilson960 Turner526,M,GENERAL PRACTICE,17 LAFAYETTE AVENUE,CHELSEA,MA,021502010,42.40019115,-71.03050082480353,15,0
6bc52784-3aae-3dad-8ae1-6990444afce6,6cf8a214-8d57-3267-85e5-7719e15cd63e,Michel472 Zulauf375,M,GENERAL PRACTICE,170 MORTON STREET,JAMAICA PLAIN,MA,021303735,42.299067750000006,-71.10124351911541,85,0
7d0548e0-6aaf-36a4-8232-a61deaca27f7,0fedae9f-701f-3317-9b2f-69aea2202cdc,Sharron285 Batz141,F,GENERAL PRACTICE,88 EAST NEWTON STREET,WINTHROP,MA,021522715,42.3750976,-70.982827,262,0
1e1432b9-a800-324a-8d89-d921751f696f,9043e647-568d-3e87-9fc0-756a416392d3,Alica364 Hartmann983,F,GENERAL PRACTICE,27 CENTENNIAL DR,PEABODY,MA,01960,42.52388415,-70.9519832,45,0
ffacd04c-7f1e-3caf-87b7-3f866893eb34,9ab139f5-d278-31b4-b44e-feffdea65613,Luis923 Cepeda588,M,GENERAL PRACTICE,88 ROUTE 6A 101,SANDWICH,MA,025631866,41.764922,-70.502215,1,0
272e1abf-259d-3432-a21c-939d1ee91229,21fa25b9-6842-3a3c-bef2-2eb383ad525e,Yoshie761 Langosh790,F,GENERAL PRACTICE,180 LOW ST,NEWBURYPORT,MA,019503519,42.815683050000004,-70.89666045994463,1,0
4eb929c8-c021-3f48-a7eb-687f5ad4045c,aade280a-3b90-3e48-9648-91109a964a63,Johna806 Klein929,F,GENERAL PRACTICE,909 SUMNER ST,DARTMOUTH,MA,027473826,41.6332267,-70.9879928,196,0
38fdf6d6-c524-3dff-82ad-7f6087b1a922,6adc9d34-9b73-3285-abb7-56e567f1ba26,Keven605 Wunsch504,M,GENERAL PRACTICE,271 NAHANT RD,NAHANT,MA,019081341,42.42554385,-70.91995214383596,1,0
a4f7276d-094e-32d6-9453-9a68f5d4838e,981338c4-287c-3621-bc45-8b0b9f1b8922,Cari853 Kohler843,F,GENERAL PRACTICE,640 BOLTON ST,MARLBOROUGH,MA,017523999,42.3658183,-71.55914630258509,56,0
af96382f-fd52-326f-b921-063eaf9e62c8,7a3b8310-02eb-3c47-aa1b-3f55b3ed9de9,María842 Benítez559,F,GENERAL PRACTICE,6 HATFIELD ST,NORTHAMPTON,MA,010602545,42.333172950000005,-72.6566355591273,7,0
c1883fa6-d3af-3158-bc13-1edc9f020033,ecadbc11-930c-3903-b706-f8ef4bc9089e,Erwin847 Baumbach677,M,GENERAL PRACTICE,780 CHESTNUT ST,SPRINGFIELD,MA,011031109,42.1211633,-72.60614164702717,70,0
fc1c4100-28bc-33e4-b1e1-db7cab37ef84,f480acd0-7ef1-350d-aae6-d8e7d53ace57,Danelle47 Ondricka197,F,GENERAL PRACTICE,1193 SEA ST,QUINCY,MA,021693544,42.26883395,-70.95264075087945,93,0
01bb1808-d8c8-3fa4-a848-9fe23e697e6d,440fa4b8-c731-3cf5-81d9-aa3f30a37b95,Bennie663 Abbott774,M,GENERAL PRACTICE,41 & 45 MALL ROAD,PEABODY,MA,019602901,42.5278731,-70.9286609,302,0
bfd06169-214b-377a-afdd-7ad9272ceb7b,a1434ca1-a1ac-3884-abc7-fc4c35cc8b68,Connie24 Dietrich576,F,GENERAL PRACTICE,390 ORLEANS ROAD,NORTH CHATHAM,MA,026501154,41.700306363636365,-69.96549390909091,1,0
c84c17e5-cb81-3415-b15f-efa83256c7e6,0fab3c4e-a028-39a6-b15a-be5a88b6aa2a,Miyoko154 Paucek755,F,GENERAL PRACTICE,222 STATE STREET,LUDLOW,MA,010563437,42.15547415,-72.47222226666076,145,0
c3226de2-a29d-3d92-ae4b-47552df9ad5f,3b021cb6-4745-3d9d-8436-230055f770bd,Eleni953 Franecki195,F,GENERAL PRACTICE,148 CHESTNUT ST,NEEDHAM,MA,024943238,42.27728075,-71.23665362814043,159,0
1f2e037d-d85c-3ac9-bbe9-563458a7767c,ce53c877-0290-390a-b4b4-2462001a1713,Greg949 Hilll811,M,GENERAL PRACTICE,847 ROGERS STREET  SUITE 201,LOWELL,MA,018524345,42.6275246,-71.27673639687623,13,0
e7500fd4-ff05-38ec-95e1-a5a3f0d30b8f,34f0b10a-5e29-31de-a75e-e0bb03c0c0d4,Heath320 Leuschke194,M,GENERAL PRACTICE,56 COLPITTS RD,WESTON,MA,024931568,42.36610065,-71.3036759,60,0
67ee7c3a-4b5e-3cba-8fcf-604f2b95f137,2befa435-3070-3350-a15c-e43ac1e84b24,Dee580 Schuster709,M,GENERAL PRACTICE,575 BEECH STREET,HOLYOKE,MA,010406604,42.20105435,-72.628169560868,5,0
e0617caa-1a97-37a1-aadc-6d5dcade3e2b,c92cc255-6778-3307-8092-987d667be4ce,Merle11 Bogisich202,M,GENERAL PRACTICE,89 FOSTER ST,PEABODY,MA,019608925,42.5278731,-70.9286609,58,0
5ab4b88f-50c6-3be5-b19e-07e664e795c4,ad82d624-72eb-3c7d-a76d-79f2668d1390,Mathew182 Howe413,M,GENERAL PRACTICE,3 WOODLAND RD,STONEHAM,MA,021801711,42.452443099999996,-71.08939988105112,50,0
8c74525f-f53e-39f2-8c9e-2ec1144d7d40,b8421363-9807-3b16-a146-95336eea5cfb,Cleveland582 Kuphal363,M,GENERAL PRACTICE,30 LOCUST ST,NORTHAMPTON,MA,010602052,42.33032115,-72.65330802608176,80,0
7baa18e4-511d-36bd-bf8f-41c21cff0e0b,7567027f-af4e-3cd6-b1bf-e764ca3a5866,Kandice471 Rodriguez71,F,GENERAL PRACTICE,215 BICENTENNIAL HWY,SPRINGFIELD,MA,011181962,42.095480800000004,-72.50509214731676,1,0
4a289abd-c293-3ddb-82e9-c013af719c74,cf188e5a-8e03-39fa-9b64-542d64aff1eb,Clyde817 Schroeder447,M,GENERAL PRACTICE,300 BARBER AVE,WORCESTER,MA,016062476,42.295748599999996,-71.7982883685108,1,0
ad7214a4-bb54-3d36-848e-d2cb27ec9829,e854f053-5621-31fa-afa1-29040b0d7466,Latrice352 Ferry570,F,GENERAL PRACTICE,1575 BLUE HILL AVE,BOSTON,MA,021262122,42.2698727,-71.0940406,40,0
ee533197-5bd2-33f5-b4ad-866a0b1c81bc,752c7570-1637-36cf-8b74-03ea3acfa98c,Shakita329 Moen819,F,GENERAL PRACTICE,12 LITTLEVILLE RD,HUNTINGTON,MA,010509761,42.257603957277915,-72.87133712317558,71,0
81e3bb60-23a9-325e-a326-2403cad8d58d,e6cc6043-299a-3581-8f6b-b3b5d62c46ae,Ellen406 Farrell962,F,GENERAL PRACTICE,532 SUMNER AVE,SPRINGFIELD,MA,011082458,42.08631583333334,-72.55792579166666,47,0
450f47ba-b5aa-3b13-a8b5-c81be7db3879,b9e35b8a-9831-32d8-a6dc-d7a546c126b0,Venus149 Blick895,F,GENERAL PRACTICE,111 HUNTOON MEMORIAL HIGHWAY  1ST FLOOR,SPRINGFIELD,MA,011092550,42.1018764,-72.5886727,45,0
7d95f774-8452-3fd6-aee6-54134eb9baf4,38508743-50d1-3429-8fe2-37e42ddaf20e,Erick204 Mayer370,M,GENERAL PRACTICE,164 HIGH ST,GREENFIELD,MA,013012778,42.595268700000005,-72.59288632376354,31,0
94b2a516-8432-3137-93e9-1ca5d264838a,200746fc-5d0f-3ec7-a2a9-3d9a219ee139,Arlen68 Rippin620,M,GENERAL PRACTICE,800 CUMMINGS PARK  SUITE 3100,WOBURN,MA,018016355,42.4977745,-71.1237712,9,0
ab54f252-2c1a-30df-9ee9-93aa995f2e5d,dd3307db-114c-3f11-be44-a9eef6bb3fc5,Evelin941 Ratke343,F,GENERAL PRACTICE,269 UNION STREET,LYNN,MA,019011201,42.4652772,-70.94362420273097,71,0
c77ad77a-f1e8-35f5-a699-f25a66a065cb,36d96ba1-1b43-3fda-b4b0-84205d5b3a16,Kurtis994 O'Conner199,M,GENERAL PRACTICE,10 BELLAMY ST,BRIGHTON,MA,021351502,42.354847649999996,-71.16853348093532,1,0
2ae8767e-a9bc-393e-b2bf-9907d3592df5,f2068cee-c75c-321d-9b2c-c33535db89c9,Charles364 Prosacco716,F,GENERAL PRACTICE,32 BOSSI AVE,RANDOLPH,MA,023682002,42.20017865,-71.0582074,55,0
1ecc6ffa-96a0-38e2-8515-34712bf1c8a5,9285ca02-6788-3ae1-b1b7-3b313abbfea1,Hilary419 Dach178,F,GENERAL PRACTICE,59 COOLIDGE HILL RD,WATERTOWN,MA,024722816,42.36721805,-71.1528107445055,2,0
80c54851-52c1-3cec-b1f0-2059c3f56a92,5018c664-e283-30eb-932a-529d9a19b3b5,Numbers230 Stehr398,M,GENERAL PRACTICE,300 SOUTH ST,WOBURN,MA,018014979,42.473347,-71.144086,165,0
ea76c9cf-6a27-3781-b499-24c9d75062dc,2e8b42f8-4300-30a9-a576-d513d1021a0a,Beverlee316 Haag279,F,GENERAL PRACTICE,600 CLARK RD,TEWKSBURY,MA,018761699,42.63120935,-71.27023603178071,53,0
5f5f3d94-9c67-3e2a-8ed6-e0480c35bcea,5ba77f2c-8ce5-3dde-bb46-3ffcceb3bfbf,Cedric746 Quitzon246,M,GENERAL PRACTICE,188 FLORENCE ST,CHESTNUT HILL,MA,024672641,42.31835025,-71.17401686317635,2,0
34f43fc1-8743-3c43-80de-f95f2b0e59e8,d140ed3f-2696-3e78-bd77-1c959ec4fc4d,Jamal145 Marks830,M,GENERAL PRACTICE,863 HATHAWAY ROAD,NEW BEDFORD,MA,027401916,41.6512968,-70.9669902070805,26,0
d815eb6a-e29d-355b-8fe1-2a6754bdfce5,1cff30ba-b91f-3ea2-b80b-770d67856358,Annamae625 Halvorson124,F,GENERAL PRACTICE,359 JONES RD,FALMOUTH,MA,025403341,41.5591273,-70.60352436630029,2,0
d5cdb834-c4f8-3550-a4cb-e7fb6ec40e92,4ff8b164-4cf5-3ab4-b0f2-7ce8fda920e5,Theo630 Mante251,M,GENERAL PRACTICE,800 WASHINGTON ST,WORCESTER,MA,016550002,42.180483,-71.867782,45,0
138f7ff3-32fa-31af-8822-55f9a27491fd,bccd7d67-203c-3d93-b6b0-bff5a146cd1d,Courtney281 Kihn564,M,GENERAL PRACTICE,286 WASHINGTON ST,STOUGHTON,MA,020721763,42.1384306,-71.1022598,12,0
5c3a6e69-e7f6-3e56-82b3-db3e2bcdfaca,a2a41caf-758f-3962-8e5f-e6e603f93d17,Rhett759 Padberg411,M,GENERAL PRACTICE,111 HUNTOON MEMORIAL HWY,ROCHDALE,MA,015421305,42.2020225,-71.89891616754682,126,0
80b4d5df-5ead-332d-b343-3332c3059b59,ca62a361-9c79-32d1-92cc-ffc0d5d19679,Benedict104 Barrows492,M,GENERAL PRACTICE,19 HENRY ST,SHARON,MA,020671714,42.109147300000004,-71.20768205338297,41,0
d85a89b1-78f6-3fd6-a816-81e4842404ae,0d24cc89-3256-330c-b36d-d8de8babef84,Delicia67 Bernhard322,F,GENERAL PRACTICE,1030 FALMOUTH RD,SOUTH YARMOUTH,MA,026641218,41.6667779,-70.1847414,34,0
3156b69a-cf5f-39f2-b1d2-5e59ecc28869,8ae6a210-708f-3b23-b7d3-ac7948abd2b0,Juana825 Muro989,F,GENERAL PRACTICE,631 LINCOLN ST,WORCESTER,MA,016052010,42.2975664,-71.76536802164628,28,0
f1130759-7555-31b7-9977-38547ba7d138,db28cc9a-fdfb-35a6-aef7-ab9b933ef244,Judy192 Gleason633,F,GENERAL PRACTICE,8 DANA STREET,CAMBRIDGE,MA,021385402,42.3694992,-71.11011030010101,7,0
a48f766c-003d-3560-9019-f7d953ee9c5e,844a8cb2-4164-35b2-88b8-dffa2889a738,Alonzo487 Conn188,M,GENERAL PRACTICE,150 UNIVERSITY DRIVE,AMHERST,MA,010022232,42.368937,-72.53247107203978,5,0
c7147352-e3e0-3be5-ba02-901905925a5a,a6fb79e7-4abb-3a68-b62d-e501427fdca4,Barb55 Renner328,F,GENERAL PRACTICE,489 WASHINGTON ST STE 202,AUBURN,MA,015015709,42.187836,-71.83104,45,0
f79bd092-bda4-39a5-b1b2-09cdb5217014,4e3c60e6-dbed-32c3-9b03-767d7fbc82b0,Débora815 Alonso270,F,GENERAL PRACTICE,222 RIVER RD,LEEDS,MA,010539783,42.364084399999996,-72.70745188531934,3,0
da5c3bee-e844-3ad9-ab49-d55d063e9f32,81b1ef2b-8d3c-3923-859d-ae56099e037a,Lesley194 Bradtke547,M,GENERAL PRACTICE,19 VARNUM STREET,LOWELL,MA,018502132,42.6520846,-71.29979019978185,3,0
914c6618-1655-33f9-bf62-f1f28bfb8ba3,c7542447-e06e-32cb-b6db-243c23a0dbc2,Carson894 Krajcik437,M,GENERAL PRACTICE,30 WARREN ST,BOSTON,MA,021353602,42.3501483,-71.14393324457691,463,0
de47062c-1997-3685-a19c-20917c55d182,50c47685-8125-3c50-8311-8bd7ba9e9108,Kirby843 McKenzie376,M,GENERAL PRACTICE,4199 WASHINGTON ST,ROSLINDALE,MA,021311733,42.2871447,-71.1277526,45,0
cc471798-5b39-3972-950d-99f00dcd4fbc,47fb5a56-bee5-3ecd-9958-706b20831c82,Ezra452 Torp761,M,GENERAL PRACTICE,600 CUMMINGS CENTER  SUITE 270X,WOBURN,MA,018016356,42.4792618,-71.1522766,5,0
d5cbf220-7124-38b8-979d-73dd8b61dae1,72f50aa0-d8c9-34dc-ac58-c428323f3bcd,Ricky354 Little434,M,GENERAL PRACTICE,55 FRUIT ST,BOSTON,MA,021142696,42.36286045,-71.06875296664998,62,0
22327786-7061-3121-9452-c5d0958d4d71,1cd20733-c6b9-31f9-b7c7-0c9357fcb560,Genevie117 Kassulke119,F,GENERAL PRACTICE,40 WALNUT ST,WELLESLEY,MA,024812102,42.32553365,-71.25238403429299,32,0
9e085174-cc3e-38b7-bb87-56c116ee1acf,eee00932-ca82-36bc-b7e8-e3fff6dbaeaa,Cira533 Hane680,F,GENERAL PRACTICE,450 BROOKLINE AVE,WEYMOUTH,MA,021893141,42.2212188,-70.9391625,146,0
1d758f54-64fa-3c74-a8bf-28b41820ea07,be509ccb-bfb7-3b87-8945-8426b689ef9d,Man114 Balistreri607,M,GENERAL PRACTICE,2049 DORCHESTER AVENUE,BOSTON,MA,021244742,42.3554334,-71.060511,7,0
ed9de7bf-1409-3d30-b627-101edbd0b778,6873525f-1680-3ceb-b536-270d44b46e2e,Raymond398 Nicolas769,M,GENERAL PRACTICE,500 COLUMBIA RD,DORCHESTER,MA,021252322,42.3147979,-71.067633,90,0
f35f3034-97ab-3dcc-89f1-4e13b0d2b355,f8918a95-31e8-3ac4-8d12-29ca6080ebda,Rudolf736 Vandervort697,M,GENERAL PRACTICE,199 REEDSDALE RD,MILTON,MA,021863926,42.251368299999996,-71.0768393856917,129,0
b55b8544-c3df-3300-b363-8cb0cbc35d09,8d5880eb-1dd8-31ea-b7c5-21709f3bb341,Nicholle822 Satterfield305,F,GENERAL PRACTICE,50 ROWE ST,MELROSE,MA,021763201,42.4592093,-71.06078096379728,51,0
12daec69-bd8a-3931-a697-c26a13d7e54c,f99f149d-87f2-3900-b433-d2d87144e34e,Marhta321 Metz686,F,GENERAL PRACTICE,1 HOSPITAL RD,OAK BLUFFS,MA,025572747,41.46063105,-70.57989080295974,3,0
7c918a50-cd53-3d0c-9bfa-549618d0d021,3ff0f58b-7a1f-3334-9449-ff15f68b7d86,Winston220 McCullough561,M,GENERAL PRACTICE,275 SANDWICH ST,PLYMOUTH,MA,023607761,41.94186605,-70.6455366462985,17,0
74c8f8ce-cb61-3bd1-99f1-3049e4677aba,70e3ad4f-b9ff-3f3e-9990-2cd7e23a9d1c,Zane918 Bosco882,M,GENERAL PRACTICE,1238 RIVERDALE ST,WEST SPRINGFIELD,MA,010894675,42.1373438,-72.62624707492338,75,0
911bb4dd-8077-3931-bf5b-e9bbeece30cb,80458ace-5754-39b0-807a-1a5b119cb5bb,Carlene772 Nolan344,F,GENERAL PRACTICE,11 PONTIAC AVE,WEBSTER,MA,015701629,42.06282535,-71.87016198711046,1,0
2c2d5087-3363-33af-ad9f-34a38fa839d7,8ddbad9e-b5fc-3895-8a1c-17f32197a865,Germán350 Marrero674,M,GENERAL PRACTICE,1455 MAIN STREET,CHATHAM,MA,026332083,41.6827332,-69.98755685244114,2,0
cd4b599b-b5ac-3f38-a112-e5d731b4a5a6,7e8bd0f2-2746-355e-92ef-9473818c58a2,Suanne858 Okuneva707,F,GENERAL PRACTICE,90 SUTTON STREET  SUITE 3-4,NORTH ANDOVER,MA,018451655,42.705281049999996,-71.13643624887442,1,0
6c9e151a-f4c2-358c-be06-fda32ecec03c,dd280187-8662-3732-af81-595d10572911,Mertie42 Lakin515,F,GENERAL PRACTICE,4499 ACUSHNET AVE,NEW BEDFORD,MA,027454707,41.74026055,-70.9450945705336,28,0
74fa0c05-3eb4-33cb-a51e-1e322fcf7776,a6964d47-8af0-3df2-b99d-d8414eb1cfa3,Reggie481 Schiller186,M,GENERAL PRACTICE,200 MAY ST,SOUTH ATTLEBORO,MA,027035520,41.924394750000005,-71.36076410900014,7,0
951041c5-17a0-3d7a-8cfd-73ba9cdb824f,004554b4-3068-3938-832d-fa7cbe1cd1fb,Luba688 Littel644,F,GENERAL PRACTICE,25 STONEHAVEN DRIVE,WEYMOUTH,MA,021903951,42.1589443,-70.94970431672323,14,0
41d1b388-0acf-39a0-9b9e-9f3136d14af6,dac75bc1-cbfa-306b-9a0a-88d5edf3638d,Addie421 Ebert178,F,GENERAL PRACTICE,170 COREY ROAD,BRIGHTON,MA,021358244,42.3433093,-71.14003855124017,32,0
e1b9841c-1d1a-3c3e-9db6-2a1cdbaa3d22,63b4f233-fb49-3b1e-a17c-2d572367b131,Tanika746 Baumbach677,F,GENERAL PRACTICE,2222 CENTRE STREET,WEST ROXBURY,MA,021324034,42.27370345,-71.15856364656862,2,0
9019d883-9a73-336c-8306-6ba0cfe5ef2f,9d283097-e706-3421-8b98-948b1fdadf30,Maryellen651 Jast432,F,GENERAL PRACTICE,42 PROSPECT AVE,WEST SPRINGFIELD,MA,010894510,42.157666846720865,-72.63485704670578,1,0
bfdef2c1-4e09-3dd4-80df-b3fec75cfebc,9d989fcf-4ad9-3972-ada3-f275d967781e,Dominic463 Miller503,M,GENERAL PRACTICE,100 TER HEUN DR,SANDWICH,MA,025632377,41.7579043,-70.4968152,84,0
e9993bed-22c5-3713-b8e8-03a5857face5,87472bc2-7c23-37cc-8355-7f3e88614b6b,Dean966 Kris249,M,GENERAL PRACTICE,305 MAPLE STREET,EAST LONGMEADOW,MA,010282765,42.059258494749486,-72.53388585052694,2,0
2135e412-4c18-31b9-85d0-5dac126214d3,af3871c3-2098-3051-bcb7-8a919e194a16,Stephane228 O'Conner199,F,GENERAL PRACTICE,97 LIBBEY PKWY,WEYMOUTH,MA,021893110,42.19322885,-70.94589987654936,81,0
01b52bec-db6d-3c1c-8e57-64195b8ea082,a2cc09de-c1e2-3126-8c09-d49f95225281,Cristi782 Leannon79,F,GENERAL PRACTICE,300 LONGWOOD AVE,WALTHAM,MA,024532741,42.3756401,-71.2358004,71,0
01470f86-74e3-3318-a77c-3bf1d9c8bc67,9f2f60a6-87a4-3f45-b753-b63b5b7e9993,Raul814 Considine820,M,GENERAL PRACTICE,332 HANOVER STREET,BOSTON,MA,021131901,42.3647421,-71.0536619,30,0
32c44cd3-4a88-39d7-a9f6-7274a142e326,0519b293-2e92-3eb3-aeef-233da0babc93,Juan88 Friesen796,M,GENERAL PRACTICE,40 PARKHURST ROAD,CHELMSFORD,MA,018241511,42.6198215,-71.36189212971482,4,0
7bca3997-c316-3810-8192-1c906fea87d5,389323ef-b127-3a06-a22d-e24aef033e5d,Dina200 Streich926,F,GENERAL PRACTICE,200 PROVIDENCE HWY,DEDHAM,MA,020261881,42.22214545274341,-71.18159060546684,18,0
b1d7e33d-2f9d-35df-bb97-a578da797cfd,ce4d0501-49eb-396a-bc56-545fdfc624b0,Bea654 Daniel959,F,GENERAL PRACTICE,1 HOSPITAL RD,OAK BLUFFS,MA,025571406,41.46063105,-70.57989080295974,31,0
e82a7e0a-e7b5-3563-937d-ade1dc39890b,70e943de-a18b-3e03-a204-ecca2f01b6d1,Joshua658 Wolf938,M,GENERAL PRACTICE,76 NORTH MAIN STREET,WEST BOYLSTON,MA,015831130,42.393642299999996,-71.79207534741954,6,0
81170b2a-8075-3fa3-815f-2922629c2e2d,be9a14c1-72a6-3186-b199-fdb070768458,Lisabeth458 Roob72,F,GENERAL PRACTICE,18 FRANCES ST,WOBURN,MA,018013006,42.488288600000004,-71.15015700746171,1,0
b0629437-b5df-3a8b-a274-f5deaf304c81,06cc2462-430f-3322-9c87-7e971125f510,Kai187 Mann644,F,GENERAL PRACTICE,133 OLD ROAD TO 9 ACRE COR,WESTFORD,MA,018863198,42.5792583,-71.4378411,34,0
dcc5bd39-fcc8-303f-a2f9-9edefe7b766a,759de184-595f-3131-ba20-6a412553496d,Marco578 Pacocha935,M,GENERAL PRACTICE,49 THOMAS PATTEN DR,RANDOLPH,MA,023683901,42.1594587,-71.06112167252701,2,0
b8852b6e-b3b0-3de1-ae9e-a6fa62d5b99c,ee7fab6f-6438-394f-b1f2-3e452f8f055a,Trey250 Satterfield305,M,GENERAL PRACTICE,75 BRIMBAL AVENUE,BEVERLY,MA,019156009,42.570099299999995,-70.87108224250409,10,0
41d8dc69-e72a-35ae-9da6-5f7e944fe907,880fad59-9c38-3a21-a39f-ccc801502ab3,Halina47 Pollich983,F,GENERAL PRACTICE,799 CONCORD AVENUE,CAMBRIDGE,MA,021381048,42.390849395521705,-71.1556550001627,35,0
b130cfaa-c661-3b01-a16b-2e97cc28ee3f,0fa1cab9-83c1-3c85-b7bc-53d8b922e2f7,María José279 Rodríquez611,F,GENERAL PRACTICE,115 LINCOLN STREET,WORCESTER,MA,016081216,42.2768165,-71.795274,610,0
a1802a11-44dc-35c9-a828-21c6c7d35e11,4887dc20-9ef6-3cc2-9c56-858388049a50,Kimberlie352 Kertzmann286,F,GENERAL PRACTICE,168 WEST CENTRAL STREET,NATICK,MA,017604122,42.282113100000004,-71.37898579435048,7,0
45a49e46-af8a-3d78-8a21-cc4365e67c2e,10ffe7b1-2f94-3f12-9288-679da05a1ec9,Odessa199 Hintz995,F,GENERAL PRACTICE,133 LITTLETON RD,WESTFORD,MA,01886,42.57056335,-71.41736646422413,35,0
fc20e490-a7ce-308e-bea6-386460326661,4fa643ae-1f58-3c2e-9f33-0ba56345ad10,Sharyl439 Williamson769,F,GENERAL PRACTICE,361 MAIN ST,WAREHAM,MA,025712153,41.761384899999996,-70.71911431737183,78,0
6c6bbde8-b2c1-3dde-aea0-c99ce9ab5ac2,d0894f6b-78d7-338d-82ad-b63de4d40014,Dewayne363 Lemke654,M,GENERAL PRACTICE,330 MOUNT AUBURN STREET,WALTHAM,MA,02452,42.3756401,-71.2358004,80,0
22d1061e-a683-3180-8002-d336286083a7,3d5fbf38-c781-3e04-8c7e-5a402611b7d4,Enriqueta274 Barton704,F,GENERAL PRACTICE,260 ELM ST,SOMERVILLE,MA,021442951,42.3955992,-71.1227391,140,0
281449fc-4deb-3bf2-a347-4a530d9912fb,2f67494e-f17e-3248-ba68-3ca42913cca1,Majorie11 Bergstrom287,F,GENERAL PRACTICE,184 MAIN STREET,FAIRHAVEN,MA,027193259,41.646106,-70.90865208079187,2,0
0418ec11-33c9-37c0-8c15-2b73cecbfdb0,326bc5bc-8da8-3337-a76a-7d44202dae3d,Charley358 Hermiston71,M,GENERAL PRACTICE,184 SWANTON ST,WINCHESTER,MA,018901921,42.4606573,-71.13806547771736,1,0
a991571e-aa8e-356a-8425-60f231814728,88975fd9-b47e-3af6-af78-c58e1ecf0d5e,Azzie965 Feil794,F,GENERAL PRACTICE,115 W SILVER ST,WESTFIELD,MA,010853628,42.1178811,-72.75935246865802,112,0
15e53ae3-04ea-39ab-b3fd-bb8f1b49ae4e,52efa2e5-007f-3396-a83a-28ca015f0595,Ranee391 Turner526,F,GENERAL PRACTICE,20 N PARK AVE STE 2200A,PLYMOUTH,MA,023604090,41.960434631488596,-70.67007876763536,3,0
211e59d5-39d5-300e-b57e-11380a0d4879,19439108-9835-38fe-8ee2-1226a355cfba,Georgeann302 Kunze215,F,GENERAL PRACTICE,694 WORCESTER RD,WELLESLEY,MA,024822837,42.2964859,-71.2925571,3,0
457afdad-ea7d-3782-b7ca-a318cb0c5e79,b5789b71-fc8e-3b7e-9eb2-3fc577943117,Elvia127 Miller503,F,GENERAL PRACTICE,81 RESERVOIR DRIVE,ATHOL,MA,013314901,42.581152349999996,-72.18775715069674,50,0
04e02946-8517-37c9-9a2f-5e7105f30287,94ac48ba-e215-3ab9-ba88-a0b926d29cef,Barton704 Hahn503,M,GENERAL PRACTICE,300 WINTHROP STREET,MEDFORD,MA,021552311,42.421527,-71.11834,11,0
baf3c4ce-c7ae-350e-b1f0-660b60d00ec9,d087a353-12da-3785-b121-fb1291f8a721,Thad495 Baumbach677,M,GENERAL PRACTICE,17 CLARENCE ST,WORCESTER,MA,016052430,42.287673653061226,-71.80890779591836,137,0
5a6aa1c9-78c7-393a-8ab0-70e9b9fbda0c,e5ce3b83-f5e6-308d-aa64-82539fc2d906,Kyong970 Dach178,F,GENERAL PRACTICE,1842 BEACON ST,BROOKLINE,MA,024451922,42.33728028715071,-71.14536064081996,2,0
05aa8b13-c90b-3407-ba49-ed30e7138e46,936ceb96-2b12-371f-aa68-ee02a9c06f4c,Alan320 Keeling57,M,GENERAL PRACTICE,225 BOSTON ST,LYNN,MA,019043124,42.470497449999996,-70.96003668151566,43,0
493d2f8a-ed80-383f-92bc-71a3c7836d82,a855314b-4fb5-37fc-8015-5caa96c928b1,Terrence276 Kiehn525,M,GENERAL PRACTICE,759 CHESTNUT ST,SPRINGFIELD,MA,011991001,42.121522049999996,-72.60300615153007,351,0
18bef057-876a-3af5-903c-d2305fc8b85c,0a8a4b11-d0b8-3cd2-92cd-983de5189cfa,Angelena945 Nicolas769,F,GENERAL PRACTICE,111 BIRCH STREET,LYNN,MA,019021574,42.47859105,-70.93458444045801,11,0
734ef48a-1dd3-3660-b838-0b05d93c703c,cabc0f0d-dcca-34a2-bc6b-519ed1cc7f74,Elicia233 Huels583,F,GENERAL PRACTICE,191 MERRIMACK ST STE 712,HAVERHILL,MA,018306199,42.7742236,-71.08181133783422,38,0
8977f077-d5cb-3010-b468-003ea4cd67af,880c8804-deb0-35b0-9132-06950118b8b3,Elijah719 Flatley871,M,GENERAL PRACTICE,150 LINCOLN STREET,NEEDHAM,MA,024922914,42.2743931,-71.23662905222776,8,0
89bb5d9f-7bc3-3df4-a965-728f35da0955,281525ef-5743-34a8-9339-66c8b4be6668,Nilda678 Crona259,F,GENERAL PRACTICE,555 PLANTATION STREET,WORCESTER,MA,016052376,42.2907683,-71.7649752,5,0
0e97a8ae-8f02-3abf-9f35-401b2b456828,3e97ce4f-3ad7-3cea-883f-e2bb4ca89d83,Fidel864 Swift555,M,GENERAL PRACTICE,30 NEW CROSSING RD,READING,MA,018673270,42.51809619399502,-71.0959083715027,9,0
2387473c-1856-3ddd-8755-b152d9155032,c60fc3df-9dbd-3f31-a456-41c84490266f,Lavonna163 Johnson679,F,GENERAL PRACTICE,146 MAC ARTHUR BOULEVARD,BOURNE,MA,025323902,41.7412166,-70.5989196,4,0
a9c50623-acb3-342a-a81c-bbe9488dfb7a,46daa26f-fda5-38a9-9c45-fda430d28fa6,Trenton748 Bernier607,M,GENERAL PRACTICE,25 RAILROAD SQUARE  SUITE 501,HAVERHILL,MA,018325721,42.7736752,-71.08561759491305,8,0
3c64f297-3cd1-3649-8d66-49d6ff0894a6,c0132cf6-1703-3aad-89b4-cc2f2bbc123e,Neville893 Schoen8,M,GENERAL PRACTICE,66 NEWTON STREET,WALTHAM,MA,024536058,42.3746705,-71.22789736306842,7,0
4cad6959-1277-3bb8-8de6-a7ea583df304,d5920b72-ac1a-3ec4-81ca-e3b75cb7aadd,Donovan745 Daugherty69,M,GENERAL PRACTICE,251 Causeway St.,Boston,MA,02114,42.3665,-71.05931,228,0
b3af9b5a-7590-3abb-8195-ee7c3eb279e5,4f59f709-8b84-3d27-a04b-c6b7b5544413,Natividad796 Davis923,F,GENERAL PRACTICE,70 BOLTWOOD WALK,AMHERST,MA,010022271,42.3768779,-72.51840280783739,32,0
04360a70-765f-3df8-a6df-d37e9d6e1043,c4e5b33c-17b8-3f51-a8ba-a327d54e642a,Alton320 Dibbert990,M,GENERAL PRACTICE,94 N ELM ST,WESTFIELD,MA,010852917,42.1322823,-72.7436679,23,0
9995d6c9-ebd5-3a96-b68f-446a0ac19d73,0f2c58ec-5323-3c0f-9bdf-af0df7eb2a2b,Owen89 Boehm581,M,GENERAL PRACTICE,130 DORCHESTER STREET,SOUTH BOSTON,MA,021272642,42.3334312,-71.0494949,1,0
14b7ff47-1a48-39ee-875c-c4e05072a455,51370692-6296-3150-8672-559fc73f964f,Jeromy156 Okuneva707,M,GENERAL PRACTICE,75 FRANCIS ST,WEST BRIDGEWATER,MA,023791542,42.0219112,-71.019004,134,0
51dad25e-a8cc-3d7d-becf-62ae647c471c,362cc3af-dcb0-31d0-a2be-a5ba9d016aeb,Roberto515 Tromp100,M,GENERAL PRACTICE,629 SALISBURY ST,WORCESTER,MA,016091121,42.2932691,-71.8390048,3,0
1297b6ac-c597-3b58-9f95-c8cf17825335,b5b380d2-df21-3389-abf0-08551c7e1f2d,Madeline975 Friesen796,F,GENERAL PRACTICE,85 PATTON RD,DEVENS,MA,014344401,42.5304204,-71.61505519305638,172,0
40426df4-f93a-3513-a976-a742430ae1d6,06376cbe-4880-384b-b459-7ce3eef36ced,Lynwood354 Ratke343,M,GENERAL PRACTICE,387 QUARRY ST,FALL RIVER,MA,027231026,41.6932713,-71.1402431739568,66,0
ab505b86-c564-3b82-b8ec-a71f6031cd85,b3312a2d-37e9-35a8-b50d-6c165c437baa,Eliseo499 Reinger292,M,GENERAL PRACTICE,45 DIMOCK ST,ROXBURY,MA,021191029,42.32030665,-71.09721114916246,78,0
4eaf9029-c853-363a-82ca-41a4a8521705,2836d9ac-c6a6-39d1-8f13-fdf0fc8928f4,Carlton317 Koch169,M,GENERAL PRACTICE,365 EAST ST,TEWKSBURY,MA,018761950,42.6069472,-71.2180803,530,0
b0b01706-5264-3050-b551-2f47afdf6427,a2f8d8fe-665e-390f-8b9b-efdc0b14a77c,Pearlene638 Towne435,F,GENERAL PRACTICE,161 JACKSON ST,LOWELL,MA,018522103,42.6425382,-71.3093946,63,0
3c6e4089-f999-3957-8531-81cd4641d69b,82c72223-f521-3a34-9b9b-4ff366365399,Shon148 Reinger292,M,GENERAL PRACTICE,2100 DORCHESTER AVENUE,QUINCY,MA,021691870,42.2509914,-71.0037374,13,0
b9ee8e5c-fb46-3f28-935a-473aec72a3a6,15e26ce3-9006-3ce2-9327-493180a15ec1,Marlin805 Breitenberg711,M,GENERAL PRACTICE,6 GROVE ST,NORWELL,MA,020611534,42.172231693916025,-70.87836493029226,14,0
5d582dab-a174-3077-a9bb-41c9b2e24492,04b252db-4231-3cb5-963d-6f096fb4b97c,Lorie307 Grady603,F,GENERAL PRACTICE,1177 PROVIDENCE HIGHWAY,NORWOOD,MA,020625019,42.194543,-71.1994976,5,0
105c2f91-00a1-328d-8df7-f4d03e53a0f8,94f6a3ae-7d8d-3cbc-a788-e400732da7e5,Malcolm243 Kuvalis369,M,GENERAL PRACTICE,450 WEST RIVER ST,ORANGE,MA,013649603,42.5928702,-72.32953998953418,8,0
aa9b824d-99ce-35b4-923e-4a5be53fec18,e2eab39c-5195-34aa-b35f-e89e37cfed01,January966 Roberts511,F,GENERAL PRACTICE,55 FOGG ROAD,WEYMOUTH,MA,021893141,42.175539799999996,-70.9539153674405,93,0
9a428155-1f6f-329c-999e-c282284c6b51,b411fd60-9bd5-30f1-99b4-c24a409964a1,Wanetta360 Schumm995,F,GENERAL PRACTICE,42 ASBURY ST,SOUTH HAMILTON,MA,019821808,42.61322825,-70.87300675048934,66,0
a3ab8b3a-5637-37fe-82ba-be7f354a904e,1de7e7d9-9a7a-3a3f-bf4c-b4de450711f2,Clelia416 Morissette863,F,GENERAL PRACTICE,198 LITTLETON RD,WESTFORD,MA,018863429,42.564282,-71.42620615382347,4,0
6decb625-8e1a-3cb5-b3d3-990a429469e1,68503514-203a-3202-ac09-ea411c96caec,Teodoro374 Kovacek682,M,GENERAL PRACTICE,309 TEATICKET HWY,TEATICKET,MA,025365625,41.568302200000005,-70.59404025373951,37,0
ef85833b-7b9b-331d-b693-0ee97b477604,f52777bd-7313-3b27-8dd5-cd3f87bd3275,Shane235 Torphy630,M,GENERAL PRACTICE,9 HOPE AVE,WESTWOOD,MA,020902914,42.2139873,-71.2244987,43,0
ee02bbc6-8eae-3b2a-8606-0f58f8126f3d,4705a8fd-19cd-32c1-8b3e-34bcfe84d0bd,Wynell591 Mayert710,F,GENERAL PRACTICE,55 N WASHINGTON ST,NORTH ATTLEBORO,MA,027601607,41.983529,-71.332241,12,0
32362a3e-79ed-3eb9-a4dd-2a917e6b453e,497f39dd-280e-3d58-af5b-c5e3a3a09b10,Arden380 Bergstrom287,M,GENERAL PRACTICE,27 PARK ST,HYANNIS,MA,026015230,41.65363635,-70.27352219234834,81,0
5ad37ab7-6361-3587-9a80-a3d11daa0619,b0762027-dc86-335b-8310-f4f031c1caca,Rosa195 Ornelas92,F,GENERAL PRACTICE,765 WEST CENTER STREET,WEST BRIDGEWATER,MA,023791517,42.01302315,-71.05345585281756,1,0
e8be54b9-8e03-3c50-a994-2a7bbb410be5,5608c6ae-1f1d-368e-8172-aea4d9d2aefd,Jonathan639 Sporer811,M,GENERAL PRACTICE,12 KENT WAY STE 210,BYFIELD,MA,019221221,42.75468625,-70.9451078257969,1,0
e443938d-4fe7-34b6-91e2-497798abe6db,0d7fd824-1c7b-3f8b-a662-f6c2005e82e1,Lyndon118 Trantow673,M,GENERAL PRACTICE,88 MASONIC HOME ROAD,CHARLTON,MA,015071394,42.1389039,-71.9782681,2,0
2d537073-ee35-3b7d-b9cc-2d5d39dff309,6618f4ef-656a-347f-b61e-ed4d6c21763a,Marc757 Greenholt190,M,GENERAL PRACTICE,231 SUTTON ST STE 1A,NORTH ANDOVER,MA,018451620,42.70554405,-71.12856345,31,0
e585bc1c-1347-3ee0-afd6-bb278331cee4,7445ae34-b648-3d3a-b8cf-0eb630061b6e,Brenton674 Pagac496,M,GENERAL PRACTICE,34 CEDAR ST STE 4,WEST ROXBURY,MA,021324338,42.2792649,-71.1494972,1,0
ac49e2da-df01-338c-8e28-43374a7f9008,390a2aa4-70b4-3a64-a12f-9bd777834c8d,Evangeline16 Howe413,F,GENERAL PRACTICE,710 MAIN STREET,HARWICH PORT,MA,026461931,41.669654699920855,-70.06169919459835,40,0
08b02339-bf4b-3bc0-a980-b18707dd0be9,d0e8679a-02c2-31bb-9d6f-4073835a6b1e,Ian270 Flatley871,M,GENERAL PRACTICE,259 NORWOOD ST,SHARON,MA,020671099,42.142070399999994,-71.19701120843712,1,0
8fe763da-48f8-323d-a4c5-156afd14fa52,07ae483b-b351-3add-8b05-afba832b88ea,Harold594 Murray856,M,GENERAL PRACTICE,5 REDLANDS ROAD,WEST ROXBURY,MA,021321506,42.2879347,-71.15108161583282,5,0
d8d8f62a-67b8-34e0-8c7d-bbcde71ebff3,41e2a44c-477c-3511-96f9-12c476aa3b6a,Antwan357 Lindgren255,M,GENERAL PRACTICE,85 E NEWTON ST,BOSTON,MA,021183553,42.336277100000004,-71.07085295687423,288,0
1f8c0cf9-f7fa-3372-9b50-cec04f956c03,f00601d0-d49e-30ed-bc3e-314379f2103e,Elijah719 White193,M,GENERAL PRACTICE,490 MAIN ST,MELROSE,MA,021763841,42.4550741,-71.0654799,28,0
90f39bee-4fc7-3f2d-afc6-a735ca578c88,9d41e4fc-9507-3ddb-82ad-966046fca031,Cleo27 Lehner980,M,GENERAL PRACTICE,104 RANDOLPH ROAD,WORCESTER,MA,016062465,42.29955605000001,-71.79838133819244,22,0
b372871b-30c3-3e8a-a0ec-3443446ed2b3,79a06fd6-9f2b-35e3-9b11-0bc5ff89e17c,Lady554 Kovacek682,F,GENERAL PRACTICE,225 Boston Road  Suite 107,Lynn,MA,01904,42.470093,-70.95994,51,0
b8ed33e5-5016-3c72-9b61-cdba41dec733,f5b88e0f-3f0a-3400-b56f-26247e2a35ac,Archie818 O'Keefe54,M,GENERAL PRACTICE,585 LINCOLN ST,WORCESTER,MA,016051906,42.2962766,-71.7688972944814,61,0
91eaa0e8-18f0-327b-b4b0-90520b628ed6,4956f573-3dc2-3a67-9692-2f57451744e6,Kathe603 Davis923,F,GENERAL PRACTICE,400 BOLTON STREET,MARLBOROUGH,MA,017523912,42.35966285,-71.55290125539051,14,0
61efda00-a6b7-3882-be27-2f21c96321ae,b44955d1-f0e2-3beb-a013-708a81dbe430,Idella49 Runte676,F,GENERAL PRACTICE,680 CENTRE ST,WEST BRIDGEWATER,MA,023791600,42.0219112,-71.019004,43,0
f242f702-2199-3248-8a4c-34acc5ee3ccf,363631be-d437-3548-98c2-d10b909c1721,Monty345 Ferry570,M,GENERAL PRACTICE,50 MANSION DRIVE,ROWLEY,MA,019691026,42.73718535100735,-70.88053187301136,2,0
ca4a8468-0d59-3644-988d-1f58a4dd3b7a,c0e23859-5a95-3aa0-8c3b-0143df64f507,Roberto515 Grant908,F,GENERAL PRACTICE,188 COMMONWEALTH RD,WAYLAND,MA,017785027,42.318727100000004,-71.36211489369597,1,0
37b7b401-a715-3d4b-b38d-f7edf61f2c51,c1986c0c-f756-3596-8f90-08adacf220fe,Cristy798 Auer97,F,GENERAL PRACTICE,73 CHESTNUT STREET,SAUGUS,MA,019061605,42.4573919,-70.9918055,2,0
ab9e1bec-2cf8-36e7-8a4a-0f741fad1d38,67d2f85b-ddc7-3ed0-b90b-6fa5b7b8358a,Norah104 Jenkins714,F,GENERAL PRACTICE,43 FOUNDRY AVE,WALTHAM,MA,024538313,42.37050535,-71.21908334877376,32,0
7c1515d0-61df-3082-ad5a-c576bc7bfbee,0d9b0d22-585e-3fd8-ab02-26b5be7915d1,Jean712 Koelpin146,F,GENERAL PRACTICE,516 CAREW ST,SPRINGFIELD,MA,011042330,42.12133575,-72.59217953646302,80,0
e5502d39-8dc0-3062-8ec2-7460e6e3a1b7,1853aeef-5897-326a-80d6-aa4b0459eb6d,Jewel43 Kassulke119,M,GENERAL PRACTICE,381 WICKENDEN ST,ATTLEBORO,MA,027032247,41.9438129,-71.2806515,8,0
0111310f-b238-319f-8502-0726c6736517,4b7e26e6-e5b1-38c9-b4ac-fde9a0f93177,Edmundo94 Eichmann909,M,GENERAL PRACTICE,38 BROAD STREET,QUINCY,MA,021694604,42.2560352,-70.99469254391217,75,0
f4e8e796-c5fb-3d8b-aff8-771a9374e1fb,22fa6d28-92b6-3446-a388-f5aba50debaf,Clarence5 Robel940,F,GENERAL PRACTICE,123 CAPTAIN'S ROW,CHELSEA,MA,021504019,42.3917638,-71.0328284,11,0
e556dfab-4bb0-3629-9ced-9a31163feeaf,2ca615f3-87f7-3283-a447-d919a883b676,Elizbeth263 Dickinson688,F,GENERAL PRACTICE,1399 WASHINGTON ST,HANOVER,MA,023391653,42.1441354,-70.8440854,5,0
9f3b09a5-f268-3f05-a0c7-75300a2dac58,c0a33465-d309-3d2a-932e-9d554a7cc19c,Veronika907 Rogahn59,F,GENERAL PRACTICE,100 CENTURY DR,WORCESTER,MA,016061244,42.3138278,-71.7707002,299,0
415e5c0e-3fdc-377d-a9a6-e01f78b63e3d,0583e4f7-f1c2-3100-8e0c-d0decc7ef261,Jewel43 Howe413,M,GENERAL PRACTICE,123 WATERHOUSE ROAD,BOURNE,MA,025323890,41.72840155,-70.58506829999999,55,0
f427165d-b7c8-303e-a7a7-e04926044868,51d38e67-9350-39b8-bbb3-91cc879ae415,Darrick836 Hoppe518,M,GENERAL PRACTICE,335 NICHOLS ROAD,FITCHBURG,MA,014201932,42.598254850000004,-71.80841914533654,5,0
53549e1d-46f3-3bcd-a780-20d3cb671e4e,80646050-1c76-3046-bbc8-fd5f0b7c34e6,Mayola305 Hauck852,F,GENERAL PRACTICE,140 ARNHOW FARM ROAD,FITCHBURG,MA,014201369,42.5903661,-71.8119837,15,0
81685b20-f73e-318e-ad9a-43b74d97e6e2,0a689d33-2b0d-3942-8de8-e28812e91c69,Noah480 Pagac496,M,GENERAL PRACTICE,47 SEAVERNS AVE # 5,BROOKLINE,MA,024463806,42.3317642,-71.1211635,71,0
dd0afde3-073c-3ce8-9131-4b8e031ab15b,1b3fe590-8793-3f08-865d-01fc425a84d4,Fredrick998 Wintheiser220,M,GENERAL PRACTICE,1340 BOYLSTON ST,BOSTON,MA,022154302,42.34392675,-71.09888049065322,49,0
28768c99-45db-3c59-95a5-8e98f79d1362,0be0e035-8dad-387e-bbdd-a5a469c4311f,Deane47 Howe413,F,GENERAL PRACTICE,480 MAPLE ST,DANVERS,MA,019234065,42.584178050000006,-70.97197467750539,44,0
9b5d21bd-0376-3230-9320-a517dd1d67ff,3f12ebb4-e03c-3453-88d2-4fc9682383df,Erwin847 Stiedemann542,M,GENERAL PRACTICE,726 COUNTY ST,NORTH DARTMOUTH,MA,027473603,41.6389926,-70.9703171,72,0
e8820d3d-cfe1-3670-9e8e-47c9ea64e01f,b014aec7-7bd8-351f-8808-3e280cbc5be6,Rosaria177 Volkman526,F,GENERAL PRACTICE,70 EAST ST,HAVERHILL,MA,018306700,42.7777829,-71.0767724,96,0
8e1c3f33-c8d9-3252-8118-4a663ca0d67b,125eccb3-d003-34ea-9bd8-360dff059782,Martín25 Bonilla161,M,GENERAL PRACTICE,125 PARKER HILL AVENUE,DEDHAM,MA,020266146,42.2489143,-71.1755732,103,0
ddfe3870-f1b7-34b2-8469-90a3aab7e34b,c5742266-625d-3824-9ed3-4b5c6bc3e296,Rod343 Goyette777,M,GENERAL PRACTICE,22 BRAMHALL ST,SCITUATE,MA,020664312,42.1939754,-70.7697128,76,0
a018c5f1-5707-33e4-9ba4-5ff84d834ea1,52323856-2b6a-3c09-8277-7d4ff9cb325a,Robby860 Schuster709,M,GENERAL PRACTICE,99 PARK STREET,BROOKLINE,MA,024464406,42.3398029,-71.1238599,2,0
76470bb0-1ae8-322a-a17b-85b4ff1ef9ae,b242f971-3c74-3778-b148-81366c1e6a3f,Jaquelyn689 Bernier607,F,GENERAL PRACTICE,10 CAREMATRIX DR,DEDHAM,MA,020266149,42.2270762,-71.17237295563174,13,0
85a89bb7-4376-3140-aafe-78a956ffab14,e92dad8b-f485-315a-8fc4-1d7adfdc9c00,Ramiro608 Anderson154,M,GENERAL PRACTICE,581 FAUNCE CORNER RD,DARTMOUTH,MA,027471242,41.676111381167445,-70.98788528176077,242,0
1efbc9ca-a1b3-3cd9-97d6-479dd4be9154,6929d249-cc27-33aa-a871-b6f26059615d,Deon400 Fritsch593,M,GENERAL PRACTICE,ONE HOSPITAL ROAD  FIRST FL  WING 5   PO BOX 1477,OAK BLUFFS,MA,025571406,41.4538523,-70.5684713,728,0
538a6af0-db4d-3d92-9270-e7f3dc196b90,aad05540-c9cb-3805-b3c4-f9b9d9b42b2e,Quentin28 Fritsch593,M,GENERAL PRACTICE,821 E MAIN ST STE 3,CHICOPEE,MA,010206306,42.155774795300516,-72.55672263289513,31,0
00e40676-e81e-3d8f-aa9f-21400280c4e7,19a3afba-b409-3650-a0ab-f3faf6e391ef,Patrina117 Strosin214,F,GENERAL PRACTICE,199 REEDSDALE RD,WALTHAM,MA,024511433,42.3756401,-71.2358004,96,0
cf5dac2e-5ff8-3578-b566-1e96d25a9299,76b7dbb5-0a02-32a4-9a01-3511f7e45016,Clemente531 Polanco94,M,GENERAL PRACTICE,59 COUNTRY WAY,SCITUATE,MA,020663746,42.1806871,-70.74862935148246,11,0
aa0bd4b8-36bd-37cf-9023-b14af8c0be3f,671a8184-bf6f-3ec2-b307-3ff70e604912,Janeth814 Hyatt152,F,GENERAL PRACTICE,405 GROVE ST,WORCESTER,MA,016041086,42.28737115,-71.80791697272812,30,0
ed204d64-dd2d-3360-af5d-93122ba4488f,cbebae9e-f95e-3d2c-9712-289ea8d6aeec,Xochitl483 Haley279,F,GENERAL PRACTICE,49 ROBINWOOD AVENUE,QUINCY,MA,021698130,42.2509914,-71.0037374,216,0
322f6e93-3221-3165-8207-ffb85ce991c3,5862e05c-9533-3f7a-8f73-215d50f5ee2f,Estell607 Barton704,F,GENERAL PRACTICE,1200 CENTRE ST,ROSLINDALE,MA,021311000,42.29768,-71.130463,38,0
ab4c401e-32ac-3ddd-9be6-ce61e57e9319,a8f1424c-00bc-3403-8db5-cd600978f3a4,Amos720 Bogan287,M,GENERAL PRACTICE,8 BURNHAM ST,TURNERS FALLS,MA,013761816,42.6042523,-72.5564777,31,0
3fd8ac7d-8d4f-3c64-94a2-f21cc87481c5,a5577e5c-b886-37a0-8eee-8ff6feb7ea6b,Synthia172 Keebler762,F,GENERAL PRACTICE,330 MOUNT AUBURN ST,CAMBRIDGE,MA,021385502,42.3741033,-71.13417575971958,222,0
c8523e2e-9745-3563-bdc9-462cf030b2ed,5581e43d-0463-3a0b-afc7-a60aea5ac96c,Brock407 VonRueden376,M,GENERAL PRACTICE,57 RIVER RD,ANDOVER,MA,018101144,42.69112645,-71.19636086287642,8,0
0808f6ae-d016-3e05-89aa-32bafef37c09,7dcab1ad-0e13-3700-9eb0-70767c5e2b55,Dana512 Wilkinson796,F,GENERAL PRACTICE,1515 ALLEN ST,SPRINGFIELD,MA,011181803,42.095299499999996,-72.50943136142334,8,0
066b1792-601f-329e-853f-eae067585dc6,ce9c1582-994d-32bf-835c-474a249d2804,Maude482 Veum823,F,GENERAL PRACTICE,275 MARTINE STREET  SUITE 104,FALL RIVER,MA,027231500,41.68393816525316,-71.1220830626733,4,0
6bc1f0f5-8bfe-3c16-a927-e484bc830119,e7722de2-0e62-3dc9-a163-a7003956673b,Weldon459 Lockman863,M,GENERAL PRACTICE,1 EDGEWATER DRIVE  SUITE 103,NORWOOD,MA,020624669,42.16153305,-71.20162617190071,1,0
ce5f5668-3ec2-3cbd-9ea9-e5d0e9ee54dc,966245ce-e84d-36b0-a838-2e0b5bb2e668,Refugio197 Crooks415,M,GENERAL PRACTICE,1425 BLUE HILL AVENUE,MATTAPAN,MA,021262122,42.2754929,-71.09384131587021,6,0
ce8bfa43-079c-3e92-b995-aeb2c3cec301,9dbd44ba-59b2-3d1d-ac91-3880af8081d2,Rob341 Larson43,M,GENERAL PRACTICE,529 MAIN ST STE B,ACTON,MA,017203965,42.4878132338563,-71.43046999422496,26,0
7195f286-5c9d-32e5-a20d-846ff946345a,9656a864-3b93-356f-9fa6-d7988e249977,Josh874 Feil794,M,GENERAL PRACTICE,950 N MAIN ST STE 203,RANDOLPH,MA,023683064,42.1871612,-71.0568102,68,0
b98fc83a-4c5d-3fc8-90ca-65e48169b912,4eddfa13-f996-3048-9bbc-541b0a29038a,Annelle169 Schmidt332,F,GENERAL PRACTICE,736 CAMBRIDGE ST,BRIGHTON,MA,021353601,42.348649949999995,-71.14799584850206,17,0
2085466f-269e-3911-9065-82efb443e3b1,946ec45f-5c4a-361f-b158-927144864133,Jorge203 Harvey63,M,GENERAL PRACTICE,19 MIDSTATE DRIVE  SUITE 130,AUBURN,MA,015011856,42.1894693,-71.85604765,7,0
eab10d31-4c40-3211-8bee-2e215f9722ea,bac9dc0c-cb0f-3fa6-aa12-819dd0fb922a,Floy720 Greenfelder433,F,GENERAL PRACTICE,1493 CAMBRIDGE ST,SOMERVILLE,MA,021452935,42.3875968,-71.0994968,110,0
42dc1584-d580-373f-9472-a221ca12a773,9ce6072b-d039-3cde-8eaf-950211b8ae88,Terrie907 Ratke343,F,GENERAL PRACTICE,147 S MAIN ST,MIDDLETON,MA,019492446,42.585787222720036,-71.00861442427218,1,0
65425abd-dd12-3b9f-a31c-bbdc0c21673e,af8566eb-8918-3ec7-ba44-92b6a2cf8097,Trevor374 Walker122,M,GENERAL PRACTICE,81 HIGHLAND AVE,SALEM,MA,019702714,42.5112107,-70.90516241826194,180,0
3c7cc75a-c534-3614-86e0-cb00be58c1b1,d4a03501-69f6-3a89-ac27-ed25976fdb6f,Virgen207 Hyatt152,F,GENERAL PRACTICE,25 WOODLAND ROAD,STONEHAM,MA,021801705,42.450448800000004,-71.09076944938434,8,0
82502e02-d1bf-3a2c-aaed-c3f64d6d880e,4058ca7b-c48b-3aaf-8de9-fc421f6a9e1c,Robert854 Klein929,M,GENERAL PRACTICE,199 ANDOVER STREET ROUTE 114W,PEABODY,MA,019601630,42.5278731,-70.9286609,1,0
de036ee7-52e2-319e-944e-b1ba203b05a2,ecd3b321-0a8a-3ce6-81f0-982dd77fce43,Hunter736 Lesch175,M,GENERAL PRACTICE,25 HIGHLAND AVE,NEWBURYPORT,MA,019503867,42.81369325,-70.89091645747592,33,0
28f13709-5405-31e8-8d76-ebd4071c7178,a036cdf2-bbc5-3ffd-987f-56e437fd8b74,Margarita164 Tejeda887,F,GENERAL PRACTICE,265 N MAIN ST,SOUTH YARMOUTH,MA,026642083,41.680980000000005,-70.18292625685085,3,0
60ee0713-cfb0-3761-9663-7095a2f8533a,4f5e8f16-a31b-3071-8556-d7188ede313d,Barrett790 Wolf938,M,GENERAL PRACTICE,575 BEECH ST,HOLYOKE,MA,010402223,42.20105435,-72.628169560868,29,0
1fafeb54-68d4-315d-b2c8-680c2aec4561,69cb2157-b620-3c51-9c94-f516462d2d55,Anh979 Schroeder447,F,GENERAL PRACTICE,11 WATER ST,ARLINGTON,MA,02476,42.41642055,-71.15424293038585,38,0
4309eabf-4aca-3b7e-a24b-8b7a9cef7f39,ae3eab22-8868-37bb-9a59-2b8bfe14bf34,Minh326 Smitham825,M,GENERAL PRACTICE,2033 MAIN STREET,ATHOL,MA,01331,42.58522105,-72.20868129339888,123,0
88fb8b28-90d9-30ee-ab7a-24bd09b48884,615416de-5217-3c11-9828-2d4bacd1d9cb,David908 Correa904,M,GENERAL PRACTICE,434 ROUTE 134,HYANNIS,MA,026011854,41.6753274,-70.309939,2,0
92e93f8d-9214-3219-a379-7dfa458a71e9,41f66e18-8eb7-32f2-9371-7df5bf2b8d21,Lonnie913 Mraz590,M,GENERAL PRACTICE,170 UNIVERSITY DRIVE,GREENFIELD,MA,013011238,42.6097476,-72.5979752,4,0
118d02ce-f406-3c87-bc5a-594f7985e6c4,a25107f7-f4f5-36fc-98e4-f3e1b5875c91,Yesenia104 Wilderman619,F,GENERAL PRACTICE,1285 BEACON ST,WOBURN,MA,018012157,42.4979478,-71.1684508,11,0
2739331d-8f48-351c-99e1-13b2212cbbbe,0e6c3ad1-24c1-34cb-bb6d-e8438fa319e2,Vern731 Casper496,M,GENERAL PRACTICE,50 DODGE ST,SWAMPSCOTT,MA,019071300,42.4699241,-70.9171507,10,0
d667e20d-eeff-3017-aac5-0862e537ff39,d34f9f2d-8932-3e90-bd5f-046bc9141742,Johnson679 Fisher429,M,GENERAL PRACTICE,324 N MAIN ST,RANDOLPH,MA,023684170,42.1674297,-71.04495277517985,14,0
6f9f0a73-6063-3fb1-954b-59f872549da8,3662bcd2-07cc-364c-bd86-161bb738aacf,Arielle168 Dare640,F,GENERAL PRACTICE,1340 CENTRE ST STE 208,NEWTON,MA,024611900,42.3281027,-71.19582114345262,2,0
82896a3f-aee7-3bab-b0c2-4ad66a593333,3695125c-c052-3ece-898a-2a6448987ae5,Rosanna866 DuBuque211,F,GENERAL PRACTICE,2040 BOSTON RD STE 5,WILBRAHAM,MA,010951380,42.150295650000004,-72.47288272264812,2,0
5f5a1144-7460-3e47-856b-f6db4f4b0302,05fcf001-ab24-3d7d-85f7-f64942d82738,Leonarda398 Schumm995,F,GENERAL PRACTICE,250 POND STREET,FRAMINGHAM,MA,017014592,42.2838619,-71.4093719,38,0
ddda5875-317a-3d47-84c8-7f3ade52b10c,8789c07e-d15d-378d-ba2b-d2b49ebb6db4,Ollie731 Bosco882,F,GENERAL PRACTICE,800 WASHINGTON ST,WOBURN,MA,018011976,42.4946907,-71.1242899,49,0
97b197ad-1bb6-3944-b431-78a38189e74c,e87cda4c-1ad8-3a9e-b55f-7bfe987610ce,Josephina269 Bechtelar572,F,GENERAL PRACTICE,326 NICHOLS RD,FITCHBURG,MA,014201914,42.5974358,-71.80761197366103,39,0
d486581e-6d60-34c1-963e-63c744ad1a3f,e7b77e8f-b607-3273-aef9-ad1bca48813f,Ivonne773 Turcotte120,F,GENERAL PRACTICE,209 W CENTRAL ST STE 216,NATICK,MA,017603716,42.28202598359604,-71.3899479380402,50,0
32634bb6-3244-3717-b23e-bc3c19aaa9ca,1b26464f-ebe5-3045-b976-40f9979418c6,Vernie449 Tillman293,F,GENERAL PRACTICE,243 KING ST,NORTHAMPTON,MA,010602367,42.331161,-72.634183,1,0
e357304a-0164-32db-97b4-b86d426ac7fb,62ccfb55-1f60-3450-a607-706bedc9ef4e,Maximo817 Greenholt190,M,GENERAL PRACTICE,120 MURRAY STREET,MEDFORD,MA,021551300,42.42974035,-71.08853906104483,1,0
fcaf4386-4aeb-3d7d-9e28-fd6cddc125d2,28d71598-85eb-3a0e-90c1-22e0be1af57c,Jodie811 Hermann103,F,GENERAL PRACTICE,38 MULBERRY ST STE 204,NORTHAMPTON,MA,010602832,42.35436315,-72.70256804599192,29,0
529afc4e-98ff-3463-835f-fa86cf5a8ec4,b8d40f5c-9e4d-3639-89ef-8bf375cb3184,Sarai636 Howe413,F,GENERAL PRACTICE,190 OLD DERBY STREET,HINGHAM,MA,020434065,42.1807101,-70.9170852970031,2,0
7ac46022-2a32-33a1-a4f6-c1eeef2cfa2b,a537b406-fdfa-36b4-84da-12512e7e6c63,Margrett284 Davis923,F,GENERAL PRACTICE,795 MIDDLE ST,STOUGHTON,MA,020721829,42.1252079,-71.1022015,41,0
271cdd0a-3ee6-322d-917c-87efe44ad600,9adfae03-673d-365d-9052-f705098fa3e4,Sharilyn202 Wolff180,F,GENERAL PRACTICE,51 BLOSSOM ST,BOSTON,MA,021142699,42.36305545,-71.06643399281765,194,0
6351de3e-b9d5-32cd-b7d0-a5f7f6ca9058,46912be1-43b9-3c0c-9fbd-3d123f2eacc6,Vernita491 Kutch271,F,GENERAL PRACTICE,821 DANIEL SHAYS HWY,ATHOL,MA,013316903,42.572540548950265,-72.2674105528448,1,0
ea02d5df-db1f-33ab-8c25-a6b2afad7dc2,48a07866-e8d7-3268-aa3c-ca3237c8e6f3,Moshe758 Stamm704,M,GENERAL PRACTICE,188 PROVIDENCE ST,HYDE PARK,MA,021361861,42.2682551,-71.12174592925336,42,0
5060daf8-ce0a-3db0-82d4-000aaf22b2e5,9f85a8c8-007c-3490-a7b7-4a0324c13307,Augustus49 Robel940,M,GENERAL PRACTICE,70 FULTON ST,BOSTON,MA,021091402,42.362439499999994,-71.05377386223965,30,0
d59d05a1-0b60-34e4-9345-b96ec0428230,25431f9a-00e4-36d8-9810-4125328eec50,Paris331 Ruecker817,M,GENERAL PRACTICE,55 FRUIT ST,WALTHAM,MA,02451,42.3756401,-71.2358004,18,0
dc07a11f-3757-3b2a-93e3-aca03d5905cd,89171335-b9c0-3326-98d6-a837d432b9fd,Lorette239 Hauck852,F,GENERAL PRACTICE,150 FLANDERS ROAD,LYNN,MA,019042915,42.466763,-70.9494939,234,0
ddaaee50-d39a-3fba-b2fe-9983f2b0b610,217cb6f6-e822-3831-9d9d-ffa104971042,Luther918 Jakubowski832,M,GENERAL PRACTICE,2 REHABILITATION WAY,WOBURN,MA,018016003,42.46352265,-71.161925472006,88,0
420acdbc-501b-3b78-ad66-3cb394866fa9,e2a8b444-9b8f-36ff-84c4-05ee98589482,Francisco472 Gusikowski974,F,GENERAL PRACTICE,8 SHIPWAY PL # C-8,CHARLESTOWN,MA,021294301,42.3778749,-71.0619957,120,0
67366277-eff3-3490-b6f1-08e80016cc3a,05f80ed8-6a7a-3728-8b5c-c5c995c8244a,Vernita491 Cartwright189,F,GENERAL PRACTICE,150 South Huntington Avenue,Jamaica Plain,MA,02130,42.32809,-71.11076,49,0
7a8e848d-d879-38e0-883f-8f0bfcf986d9,18d2c9c2-4b92-3664-9b8e-419aff3ce942,Raymon366 Block661,M,GENERAL PRACTICE,175 GROVE STREET,BRAINTREE,MA,021847253,42.19127375,-70.99279579751581,9,0
a892dfe9-4ccc-3aaf-93e8-48c8048c6dc1,121b0ad1-1beb-3caa-9271-3d3f726bb727,Cortez851 Price929,M,GENERAL PRACTICE,1030 MAIN STREET,WALTHAM,MA,024517447,42.375828,-71.2527956,36,0
9730e8e9-8157-3b47-97a0-0afd515ea86e,0a2252ba-33de-322f-8f0a-e5b0141f1780,Hue920 Block661,F,GENERAL PRACTICE,632 BLUE  HILL AVENUE,DORCHESTER,MA,021213213,42.2941088,-71.0885355,4,0
d804141d-e780-3a90-bc03-6efd9e76b55b,67cade01-dcfe-37b7-8e2c-b712d9e6fbba,Lelah386 Wintheiser220,F,GENERAL PRACTICE,694 MAIN ST,HOLDEN,MA,015201862,42.3406819,-71.8390289,78,0
b73203b5-3937-3796-9407-08249b411f8c,b954c464-11ea-312b-a3f8-1350775bfa54,Rupert654 Walker122,M,GENERAL PRACTICE,123 CAPTAIN'S ROW,CHELSEA,MA,021504019,42.3917638,-71.0328284,3,0
ccccf471-14ec-3c15-a396-c2655b96fa0f,4d3ec6c2-f6aa-3d7b-adcc-e7107dac8530,Débora815 Esquibel766,F,GENERAL PRACTICE,14 MASONIC CIRCLE,AUBURN,MA,015011341,42.181923125,-71.86839612499999,4,0
f8ad6445-84ea-3e3c-90d6-9edc92a13ca5,7cb70963-6f86-3eab-a12b-88deb31de793,Kraig824 Ledner144,M,GENERAL PRACTICE,18 DANA HILL ROAD,STERLING,MA,015642414,42.4106904,-71.7976286731579,15,0
c235129a-aea5-3037-8331-8dfcbd6a496c,95f6c328-96dd-3fb8-a56e-9aad566094b4,Milda157 Schoen8,F,GENERAL PRACTICE,4 STONY HILL ROAD,WILBRAHAM,MA,010951027,42.1552861,-72.48384800788648,19,0
ac3085da-1446-3cbf-b2eb-e7283356feca,485ae27b-c5ba-3fd0-9a16-c9eea20be185,Lael572 Kris249,F,GENERAL PRACTICE,275 MARTINE STREET  SUITE 202,FALL RIVER,MA,027231518,41.68393816525316,-71.1220830626733,8,0
f54bc894-9bc1-3906-9c83-9c41a707ae1c,19f958ef-57cf-33c1-b068-14b32a980813,Aura483 Bruen238,F,GENERAL PRACTICE,155 BROADWAY RD,DRACUT,MA,018262754,42.67578279999999,-71.29320171860073,66,0
25c6d1e1-0ae4-3aa6-9657-34ed90de4cef,da2e8443-a0d6-3e87-b651-e2697615f4b5,Rutha66 Bergstrom287,F,GENERAL PRACTICE,2000 WASHINGTON ST,NEWTON,MA,024621624,42.332192250000006,-71.24597794166553,29,0
9e30bf44-3d20-3638-b06b-600ae561a4bb,47602b5b-f4aa-3c73-aa26-2268ccf7a83c,Christopher407 Fisher429,M,GENERAL PRACTICE,90 LINDALL STREET,DANVERS,MA,019232125,42.574712149999996,-70.94359556912616,11,0
559fb3cd-bcc7-3e27-929e-52a3b44a438b,02d7b144-352f-3eac-97db-6fc4a95bf1fa,Greta919 Reinger292,F,GENERAL PRACTICE,120 SEMINARY AVENUE,AUBURNDALE,MA,024662650,42.34002614299451,-71.24911543639162,1,0
0b91de04-b0e6-323c-8665-0ecbcf279be8,e0584fe3-c4f7-33c7-986b-2568383d7307,Candelaria844 Blanda868,F,GENERAL PRACTICE,120 MAPLE ST STE 303,SPRINGFIELD,MA,011031930,42.1064397,-72.63777529283192,18,0
2c12beb5-bc30-327e-8e43-4a15d76ba436,53f086de-2fc7-3d35-92c2-aca4ed944e7f,Chang901 Kutch271,M,GENERAL PRACTICE,1 GENERAL ST,LAWRENCE,MA,018412961,42.7097143,-71.15007700778098,19,0
474e4dd8-67b2-3961-aada-4b51533d6e80,e498871e-3c3d-3ea1-a79d-4bc09679de84,Chung121 Collins926,M,GENERAL PRACTICE,221 FITZGERALD DRIVE,NEW BEDFORD,MA,027453426,41.6995448,-70.92972651619661,1,0
b24bb030-28d1-394c-86ad-bac98b482faa,c709c5eb-ddd7-3778-84f7-0931a4d1c718,Carmelina668 Goyette777,F,GENERAL PRACTICE,1200 CENTRE ST,ROSLINDALE,MA,021311000,42.29768,-71.130463,5,0
b084468c-39bd-39eb-9979-3848cfb3892c,c05d73d0-b348-32ce-9fe5-13a720950f37,Rema399 McDermott739,F,GENERAL PRACTICE,45 DRUM HILL RD,CHELMSFORD,MA,018241503,42.6255635,-71.3615131,4,0
c48fe883-40a7-3e4f-a026-83604d66ba0a,ac0fde88-b0ad-3388-a4a8-b8fc2a4f4af2,Lloyd546 Wuckert783,M,GENERAL PRACTICE,150 YORK STREET,STOUGHTON,MA,020729105,42.144646800000004,-71.09875876961266,118,0
f2725d46-e7d0-3665-abac-0d5d31d15693,d70d47dc-b40c-3a04-8342-35cbfe716409,Marcelino726 Hilpert278,M,GENERAL PRACTICE,83 LITTLEFIELD RD,NEWTON,MA,024593010,42.3104327,-71.18883283411856,43,0
d58977e7-5830-3aff-9159-d10459b00154,047f6113-bd42-353b-8368-cf2352868915,Kamilah729 Schimmel440,F,GENERAL PRACTICE,62 WALNUT ST FL 2ND,WELLESLEY,MA,024812109,42.2964859,-71.2925571,23,0
bbe6a211-8358-30c3-99d8-9be3759fab57,0592d4e5-a0fb-3143-83cd-8e5a6b066a96,Anderson154 Lemke654,M,GENERAL PRACTICE,20 EAST ST,HANOVER,MA,023391638,42.1278249,-70.82664947485381,95,0
9a4a9332-a8bd-3a54-bfcd-fb4372ee3979,c67ca7ed-4769-3b6c-a0a9-993f1227ff10,Londa304 Veum823,F,GENERAL PRACTICE,1 BLACKBURN DR,GLOUCESTER,MA,019302237,42.6269312,-70.65555242413386,35,0
612580cb-b958-381c-92a4-b9c32a903898,6b9c5830-a278-38ff-887f-ccefd74cf8e8,Fawn386 Hettinger594,F,GENERAL PRACTICE,184 LINCOLN STREET,NORTH EASTON,MA,023561799,42.06665855,-71.11947646404934,5,0
0f413382-ecdf-392a-a131-810b6d98b587,ba07b31b-bf14-39b8-be95-4c5ca5062daa,Hermelinda327 Hyatt152,F,GENERAL PRACTICE,1575 CAMBRIDGE ST,CAMBRIDGE,MA,021384308,42.375209549999994,-71.10711344152975,136,0
aa5139e9-d210-31ff-82da-95fbe475e641,064ba8c8-f6f7-3582-8f41-c963ceedfee4,Lexie163 Ankunding277,F,GENERAL PRACTICE,500 BELMONT STREET,BROCKTON,MA,023014985,42.07465845,-71.03975419622803,2,0
e05bcfbe-f8b2-3ee7-9e23-99e11f3830d4,14036728-b721-3e4b-8755-8ee8ab6ed15e,Rocky100 Schmeler639,M,GENERAL PRACTICE,625 MOUNT AUBURN ST,CAMBRIDGE,MA,021384518,42.375351,-71.1468628,170,0
